<?xml version="1.0" encoding="UTF-8"?>
<project-private xmlns="http://www.netbeans.org/ns/project-private/1">
    <editor-bookmarks xmlns="http://www.netbeans.org/ns/editor-bookmarks/2" lastBookmarkId="0"/>
    <open-files xmlns="http://www.netbeans.org/ns/projectui-open-files/2">
        <group>
            <file>file:/C:/Users/QAMAR%20MEHAR/OneDrive/Desktop/CVA_Project/src/cva_project/admin.java</file>
            <file>file:/C:/Users/QAMAR%20MEHAR/OneDrive/Desktop/CVA_Project/src/cva_project/faculty.java</file>
            <file>file:/C:/Users/QAMAR%20MEHAR/OneDrive/Desktop/CVA_Project/src/cva_project/NewJFrame.java</file>
            <file>file:/C:/Users/QAMAR%20MEHAR/OneDrive/Desktop/CVA_Project/src/cva_project/Login.java</file>
            <file>file:/C:/Users/QAMAR%20MEHAR/OneDrive/Desktop/CVA_Project/src/cva_project/Welcome.java</file>
            <file>file:/C:/Users/QAMAR%20MEHAR/OneDrive/Desktop/CVA_Project/src/cva_project/CVA_Project.java</file>
        </group>
    </open-files>
</project-private>
