<?xml version="1.0" encoding="UTF-8"?>
<project-private xmlns="http://www.netbeans.org/ns/project-private/1">
    <editor-bookmarks xmlns="http://www.netbeans.org/ns/editor-bookmarks/2" lastBookmarkId="0"/>
    <open-files xmlns="http://www.netbeans.org/ns/projectui-open-files/2">
        <group>
            <file>file:/C:/Users/QAMAR%20MEHAR/OneDrive/Desktop/Project/src/project/Login.java</file>
            <file>file:/C:/Users/QAMAR%20MEHAR/OneDrive/Desktop/Project/src/project/Menu1.java</file>
            <file>file:/C:/Users/QAMAR%20MEHAR/OneDrive/Desktop/Project/src/project/Welcome.java</file>
            <file>file:/C:/Users/QAMAR%20MEHAR/OneDrive/Desktop/Project/src/project/Project.java</file>
            <file>file:/C:/Users/QAMAR%20MEHAR/OneDrive/Desktop/Project/src/project/addMember.java</file>
            <file>file:/C:/Users/QAMAR%20MEHAR/OneDrive/Desktop/Project/src/project/Menu2.java</file>
            <file>file:/C:/Users/QAMAR%20MEHAR/OneDrive/Desktop/Project/src/project/updatePatient.java</file>
            <file>file:/C:/Users/QAMAR%20MEHAR/OneDrive/Desktop/Project/src/project/deleteP.java</file>
            <file>file:/C:/Users/QAMAR%20MEHAR/OneDrive/Desktop/Project/src/project/deleteMember.java</file>
            <file>file:/C:/Users/QAMAR%20MEHAR/OneDrive/Desktop/Project/src/project/updaateMember.java</file>
            <file>file:/C:/Users/QAMAR%20MEHAR/OneDrive/Desktop/Project/src/project/addPatient.java</file>
        </group>
    </open-files>
</project-private>
